Date/Time	Latitude	Longitude	File name	File format	File size [kByte]	URL image
2019-07-23T13:40:34	-51.1674	2.39260	2019-07-23_13.40.34_-51.1674_2.392600_476	PNG	3486.897	http://hs.pangaea.de/Images/Water/SCALE/2019-07-23_13.40.34_-51.1674_2.392600_476.png
2019-07-26T12:31:48	-56.2605	0.25668	2019-07-26_12.31.48_-56.2605_0.256680_293	PNG	4042.207	http://hs.pangaea.de/Images/Water/SCALE/2019-07-26_12.31.48_-56.2605_0.256680_293.png
2019-07-26T12:35:01	-56.2721	0.25262	2019-07-26_12.35.01_-56.2721_0.252620_018	PNG	3943.466	http://hs.pangaea.de/Images/Water/SCALE/2019-07-26_12.35.01_-56.2721_0.252620_018.png
2019-07-26T12:37:20	-56.2797	0.25000	2019-07-26_12.37.20_-56.2797_0.250000_220	PNG	4890.442	http://hs.pangaea.de/Images/Water/SCALE/2019-07-26_12.37.20_-56.2797_0.250000_220.png
2019-07-26T12:44:00	-56.3066	0.24073	2019-07-26_12.44.00_-56.3066_0.240730_191	PNG	4154.591	http://hs.pangaea.de/Images/Water/SCALE/2019-07-26_12.44.00_-56.3066_0.240730_191.png
2019-07-26T13:22:12	-56.4547	0.19457	2019-07-26_13.22.12_-56.4547_0.194570_383	PNG	3864.337	http://hs.pangaea.de/Images/Water/SCALE/2019-07-26_13.22.12_-56.4547_0.194570_383.png
2019-07-26T13:22:21	-56.4547	0.19457	2019-07-26_13.22.21_-56.4547_0.194570_275	PNG	4420.866	http://hs.pangaea.de/Images/Water/SCALE/2019-07-26_13.22.21_-56.4547_0.194570_275.png
2019-07-26T13:22:23	-56.4547	0.19457	2019-07-26_13.22.23_-56.4547_0.194570_408	PNG	3122.381	http://hs.pangaea.de/Images/Water/SCALE/2019-07-26_13.22.23_-56.4547_0.194570_408.png
2019-07-26T13:22:26	-56.4547	0.19457	2019-07-26_13.22.26_-56.4547_0.194570_453	PNG	3569.753	http://hs.pangaea.de/Images/Water/SCALE/2019-07-26_13.22.26_-56.4547_0.194570_453.png
2019-07-26T13:22:28	-56.4547	0.19457	2019-07-26_13.22.28_-56.4547_0.194570_459	PNG	5342.153	http://hs.pangaea.de/Images/Water/SCALE/2019-07-26_13.22.28_-56.4547_0.194570_459.png
2019-07-26T13:22:29	-56.4547	0.19457	2019-07-26_13.22.29_-56.4547_0.194570_064	PNG	5132.218	http://hs.pangaea.de/Images/Water/SCALE/2019-07-26_13.22.29_-56.4547_0.194570_064.png
2019-07-26T13:22:30	-56.4588	0.19365	2019-07-26_13.22.30_-56.4588_0.193650_398	PNG	4896.021	http://hs.pangaea.de/Images/Water/SCALE/2019-07-26_13.22.30_-56.4588_0.193650_398.png
2019-07-26T13:22:34	-56.4588	0.19365	2019-07-26_13.22.34_-56.4588_0.193650_457	PNG	4155.871	http://hs.pangaea.de/Images/Water/SCALE/2019-07-26_13.22.34_-56.4588_0.193650_457.png
2019-07-26T13:22:42	-56.4588	0.19365	2019-07-26_13.22.42_-56.4588_0.193650_317	PNG	3754.425	http://hs.pangaea.de/Images/Water/SCALE/2019-07-26_13.22.42_-56.4588_0.193650_317.png
2019-07-26T13:24:13	-56.4626	0.19252	2019-07-26_13.24.13_-56.4626_0.192520_143	PNG	5093.305	http://hs.pangaea.de/Images/Water/SCALE/2019-07-26_13.24.13_-56.4626_0.192520_143.png
2019-07-26T13:24:40	-56.4665	0.19080	2019-07-26_13.24.40_-56.4665_0.190800_094	PNG	6497.613	http://hs.pangaea.de/Images/Water/SCALE/2019-07-26_13.24.40_-56.4665_0.190800_094.png
2019-07-26T13:24:43	-56.4665	0.19080	2019-07-26_13.24.43_-56.4665_0.190800_245	PNG	5790.607	http://hs.pangaea.de/Images/Water/SCALE/2019-07-26_13.24.43_-56.4665_0.190800_245.png
2019-07-26T13:24:48	-56.4665	0.19080	2019-07-26_13.24.48_-56.4665_0.190800_379	PNG	7547.177	http://hs.pangaea.de/Images/Water/SCALE/2019-07-26_13.24.48_-56.4665_0.190800_379.png
2019-07-26T13:24:50	-56.4665	0.19080	2019-07-26_13.24.50_-56.4665_0.190800_377	PNG	7307.180	http://hs.pangaea.de/Images/Water/SCALE/2019-07-26_13.24.50_-56.4665_0.190800_377.png
2019-07-26T13:24:53	-56.4665	0.19080	2019-07-26_13.24.53_-56.4665_0.190800_223	PNG	7752.477	http://hs.pangaea.de/Images/Water/SCALE/2019-07-26_13.24.53_-56.4665_0.190800_223.png
2019-07-26T13:24:55	-56.4665	0.19080	2019-07-26_13.24.55_-56.4665_0.190800_324	PNG	6799.182	http://hs.pangaea.de/Images/Water/SCALE/2019-07-26_13.24.55_-56.4665_0.190800_324.png
2019-07-26T13:25:08	-56.4665	0.19080	2019-07-26_13.25.08_-56.4665_0.190800_191	PNG	7069.981	http://hs.pangaea.de/Images/Water/SCALE/2019-07-26_13.25.08_-56.4665_0.190800_191.png
2019-07-26T13:25:10	-56.4665	0.19080	2019-07-26_13.25.10_-56.4665_0.190800_284	PNG	7226.749	http://hs.pangaea.de/Images/Water/SCALE/2019-07-26_13.25.10_-56.4665_0.190800_284.png
2019-07-26T13:25:13	-56.4665	0.19080	2019-07-26_13.25.13_-56.4665_0.190800_038	PNG	4997.144	http://hs.pangaea.de/Images/Water/SCALE/2019-07-26_13.25.13_-56.4665_0.190800_038.png
2019-07-26T13:25:23	-56.4665	0.19080	2019-07-26_13.25.23_-56.4665_0.190800_027	PNG	5982.054	http://hs.pangaea.de/Images/Water/SCALE/2019-07-26_13.25.23_-56.4665_0.190800_027.png
2019-07-26T13:25:35	-56.4704	0.18915	2019-07-26_13.25.35_-56.4704_0.189150_266	PNG	7156.593	http://hs.pangaea.de/Images/Water/SCALE/2019-07-26_13.25.35_-56.4704_0.189150_266.png
2019-07-26T13:25:53	-56.4704	0.18915	2019-07-26_13.25.53_-56.4704_0.189150_390	PNG	6641.256	http://hs.pangaea.de/Images/Water/SCALE/2019-07-26_13.25.53_-56.4704_0.189150_390.png
2019-07-26T13:26:00	-56.4704	0.18915	2019-07-26_13.26.00_-56.4704_0.189150_468	PNG	6609.022	http://hs.pangaea.de/Images/Water/SCALE/2019-07-26_13.26.00_-56.4704_0.189150_468.png
2019-07-26T13:30:33	-56.4900	0.18072	2019-07-26_13.30.33_-56.4900_0.180720_065	PNG	4150.692	http://hs.pangaea.de/Images/Water/SCALE/2019-07-26_13.30.33_-56.4900_0.180720_065.png
2019-07-26T13:30:55	-56.4900	0.18072	2019-07-26_13.30.55_-56.4900_0.180720_285	PNG	3008.071	http://hs.pangaea.de/Images/Water/SCALE/2019-07-26_13.30.55_-56.4900_0.180720_285.png
2019-07-26T13:33:03	-56.4978	0.17733	2019-07-26_13.33.03_-56.4978_0.177330_049	PNG	6566.175	http://hs.pangaea.de/Images/Water/SCALE/2019-07-26_13.33.03_-56.4978_0.177330_049.png
2019-07-26T13:33:08	-56.4978	0.17733	2019-07-26_13.33.08_-56.4978_0.177330_140	PNG	6396.712	http://hs.pangaea.de/Images/Water/SCALE/2019-07-26_13.33.08_-56.4978_0.177330_140.png
2019-07-26T13:33:12	-56.4978	0.17733	2019-07-26_13.33.12_-56.4978_0.177330_274	PNG	6146.052	http://hs.pangaea.de/Images/Water/SCALE/2019-07-26_13.33.12_-56.4978_0.177330_274.png
2019-07-26T13:33:46	-56.5017	0.17565	2019-07-26_13.33.46_-56.5017_0.175650_235	PNG	5694.604	http://hs.pangaea.de/Images/Water/SCALE/2019-07-26_13.33.46_-56.5017_0.175650_235.png
2019-07-26T13:34:25	-56.5017	0.17565	2019-07-26_13.34.25_-56.5017_0.175650_006	PNG	3911.393	http://hs.pangaea.de/Images/Water/SCALE/2019-07-26_13.34.25_-56.5017_0.175650_006.png
2019-07-26T13:39:51	-56.5253	0.16630	2019-07-26_13.39.51_-56.5253_0.166300_169	PNG	3442.834	http://hs.pangaea.de/Images/Water/SCALE/2019-07-26_13.39.51_-56.5253_0.166300_169.png
2019-07-26T13:40:00	-56.5253	0.16630	2019-07-26_13.40.00_-56.5253_0.166300_082	PNG	4823.618	http://hs.pangaea.de/Images/Water/SCALE/2019-07-26_13.40.00_-56.5253_0.166300_082.png
2019-07-26T13:40:03	-56.5253	0.16630	2019-07-26_13.40.03_-56.5253_0.166300_398	PNG	3801.354	http://hs.pangaea.de/Images/Water/SCALE/2019-07-26_13.40.03_-56.5253_0.166300_398.png
2019-07-26T13:40:05	-56.5253	0.16630	2019-07-26_13.40.05_-56.5253_0.166300_156	PNG	4911.518	http://hs.pangaea.de/Images/Water/SCALE/2019-07-26_13.40.05_-56.5253_0.166300_156.png
2019-07-26T13:40:09	-56.5253	0.16630	2019-07-26_13.40.09_-56.5253_0.166300_355	PNG	5370.216	http://hs.pangaea.de/Images/Water/SCALE/2019-07-26_13.40.09_-56.5253_0.166300_355.png
2019-07-26T13:40:13	-56.5253	0.16630	2019-07-26_13.40.13_-56.5253_0.166300_265	PNG	5890.440	http://hs.pangaea.de/Images/Water/SCALE/2019-07-26_13.40.13_-56.5253_0.166300_265.png
2019-07-26T13:41:05	-56.5292	0.16498	2019-07-26_13.41.05_-56.5292_0.164980_083	PNG	5574.293	http://hs.pangaea.de/Images/Water/SCALE/2019-07-26_13.41.05_-56.5292_0.164980_083.png
2019-07-26T13:41:32	-56.5333	0.16362	2019-07-26_13.41.32_-56.5333_0.163620_378	PNG	6968.015	http://hs.pangaea.de/Images/Water/SCALE/2019-07-26_13.41.32_-56.5333_0.163620_378.png
2019-07-26T13:41:35	-56.5333	0.16362	2019-07-26_13.41.35_-56.5333_0.163620_301	PNG	6160.287	http://hs.pangaea.de/Images/Water/SCALE/2019-07-26_13.41.35_-56.5333_0.163620_301.png
2019-07-26T13:41:44	-56.5333	0.16362	2019-07-26_13.41.44_-56.5333_0.163620_139	PNG	6201.768	http://hs.pangaea.de/Images/Water/SCALE/2019-07-26_13.41.44_-56.5333_0.163620_139.png
2019-07-26T13:41:47	-56.5333	0.16362	2019-07-26_13.41.47_-56.5333_0.163620_132	PNG	5913.990	http://hs.pangaea.de/Images/Water/SCALE/2019-07-26_13.41.47_-56.5333_0.163620_132.png
2019-07-26T13:42:04	-56.5333	0.16362	2019-07-26_13.42.04_-56.5333_0.163620_340	PNG	6837.545	http://hs.pangaea.de/Images/Water/SCALE/2019-07-26_13.42.04_-56.5333_0.163620_340.png
2019-07-26T13:42:51	-56.5371	0.16235	2019-07-26_13.42.51_-56.5371_0.162350_328	PNG	6290.725	http://hs.pangaea.de/Images/Water/SCALE/2019-07-26_13.42.51_-56.5371_0.162350_328.png
2019-07-26T13:46:21	-56.5490	0.15835	2019-07-26_13.46.21_-56.5490_0.158350_345	PNG	5534.415	http://hs.pangaea.de/Images/Water/SCALE/2019-07-26_13.46.21_-56.5490_0.158350_345.png
2019-07-26T13:46:39	-56.5530	0.15705	2019-07-26_13.46.39_-56.5530_0.157050_375	PNG	5506.603	http://hs.pangaea.de/Images/Water/SCALE/2019-07-26_13.46.39_-56.5530_0.157050_375.png
2019-07-26T13:46:47	-56.5530	0.15705	2019-07-26_13.46.47_-56.5530_0.157050_328	PNG	4583.998	http://hs.pangaea.de/Images/Water/SCALE/2019-07-26_13.46.47_-56.5530_0.157050_328.png
2019-07-26T13:46:59	-56.5530	0.15705	2019-07-26_13.46.59_-56.5530_0.157050_226	PNG	4783.334	http://hs.pangaea.de/Images/Water/SCALE/2019-07-26_13.46.59_-56.5530_0.157050_226.png
2019-07-26T13:47:22	-56.5530	0.15705	2019-07-26_13.47.22_-56.5530_0.157050_042	PNG	3333.808	http://hs.pangaea.de/Images/Water/SCALE/2019-07-26_13.47.22_-56.5530_0.157050_042.png
2019-07-26T13:58:29	-56.5971	0.14250	2019-07-26_13.58.29_-56.5971_0.142500_082	PNG	6236.914	http://hs.pangaea.de/Images/Water/SCALE/2019-07-26_13.58.29_-56.5971_0.142500_082.png
2019-07-26T13:58:32	-56.6011	0.14117	2019-07-26_13.58.32_-56.6011_0.141170_060	PNG	4921.390	http://hs.pangaea.de/Images/Water/SCALE/2019-07-26_13.58.32_-56.6011_0.141170_060.png
2019-07-26T13:58:46	-56.6011	0.14117	2019-07-26_13.58.46_-56.6011_0.141170_250	PNG	5888.822	http://hs.pangaea.de/Images/Water/SCALE/2019-07-26_13.58.46_-56.6011_0.141170_250.png
2019-07-26T13:59:06	-56.6011	0.14117	2019-07-26_13.59.06_-56.6011_0.141170_115	PNG	6770.502	http://hs.pangaea.de/Images/Water/SCALE/2019-07-26_13.59.06_-56.6011_0.141170_115.png
2019-07-26T13:59:17	-56.6011	0.14117	2019-07-26_13.59.17_-56.6011_0.141170_457	PNG	6362.340	http://hs.pangaea.de/Images/Water/SCALE/2019-07-26_13.59.17_-56.6011_0.141170_457.png
2019-07-26T13:59:30	-56.6052	0.13985	2019-07-26_13.59.30_-56.6052_0.139850_077	PNG	6329.615	http://hs.pangaea.de/Images/Water/SCALE/2019-07-26_13.59.30_-56.6052_0.139850_077.png
2019-07-26T13:59:37	-56.6052	0.13985	2019-07-26_13.59.37_-56.6052_0.139850_413	PNG	6249.227	http://hs.pangaea.de/Images/Water/SCALE/2019-07-26_13.59.37_-56.6052_0.139850_413.png
2019-07-26T13:59:42	-56.6052	0.13985	2019-07-26_13.59.42_-56.6052_0.139850_270	PNG	6489.068	http://hs.pangaea.de/Images/Water/SCALE/2019-07-26_13.59.42_-56.6052_0.139850_270.png
2019-07-26T14:02:00	-56.6132	0.13712	2019-07-26_14.02.00_-56.6132_0.137120_480	PNG	5148.839	http://hs.pangaea.de/Images/Water/SCALE/2019-07-26_14.02.00_-56.6132_0.137120_480.png
2019-07-26T14:02:25	-56.6132	0.13712	2019-07-26_14.02.25_-56.6132_0.137120_171	PNG	5556.128	http://hs.pangaea.de/Images/Water/SCALE/2019-07-26_14.02.25_-56.6132_0.137120_171.png
2019-07-26T14:03:53	-56.6214	0.13440	2019-07-26_14.03.53_-56.6214_0.134400_293	PNG	4980.706	http://hs.pangaea.de/Images/Water/SCALE/2019-07-26_14.03.53_-56.6214_0.134400_293.png
2019-07-26T14:09:22	-56.6418	0.12767	2019-07-26_14.09.22_-56.6418_0.127670_479	PNG	5101.869	http://hs.pangaea.de/Images/Water/SCALE/2019-07-26_14.09.22_-56.6418_0.127670_479.png
2019-07-26T14:09:56	-56.6459	0.12640	2019-07-26_14.09.56_-56.6459_0.126400_499	PNG	5800.929	http://hs.pangaea.de/Images/Water/SCALE/2019-07-26_14.09.56_-56.6459_0.126400_499.png
2019-07-26T14:11:13	-56.6499	0.12508	2019-07-26_14.11.13_-56.6499_0.125080_040	PNG	4848.749	http://hs.pangaea.de/Images/Water/SCALE/2019-07-26_14.11.13_-56.6499_0.125080_040.png
2019-07-26T14:11:18	-56.6499	0.12508	2019-07-26_14.11.18_-56.6499_0.125080_222	PNG	4626.111	http://hs.pangaea.de/Images/Water/SCALE/2019-07-26_14.11.18_-56.6499_0.125080_222.png
2019-07-26T14:11:49	-56.6541	0.12372	2019-07-26_14.11.49_-56.6541_0.123720_054	PNG	5303.423	http://hs.pangaea.de/Images/Water/SCALE/2019-07-26_14.11.49_-56.6541_0.123720_054.png
2019-07-26T14:13:10	-56.6581	0.12247	2019-07-26_14.13.10_-56.6581_0.122470_481	PNG	6563.996	http://hs.pangaea.de/Images/Water/SCALE/2019-07-26_14.13.10_-56.6581_0.122470_481.png
2019-07-26T14:13:29	-56.6581	0.12247	2019-07-26_14.13.29_-56.6581_0.122470_112	PNG	6595.662	http://hs.pangaea.de/Images/Water/SCALE/2019-07-26_14.13.29_-56.6581_0.122470_112.png
2019-07-26T14:14:15	-56.6623	0.12113	2019-07-26_14.14.15_-56.6623_0.121130_003	PNG	6139.451	http://hs.pangaea.de/Images/Water/SCALE/2019-07-26_14.14.15_-56.6623_0.121130_003.png
2019-07-26T14:16:08	-56.6704	0.11858	2019-07-26_14.16.08_-56.6704_0.118580_388	PNG	5062.674	http://hs.pangaea.de/Images/Water/SCALE/2019-07-26_14.16.08_-56.6704_0.118580_388.png
2019-07-26T14:16:24	-56.6704	0.11858	2019-07-26_14.16.24_-56.6704_0.118580_409	PNG	6216.020	http://hs.pangaea.de/Images/Water/SCALE/2019-07-26_14.16.24_-56.6704_0.118580_409.png
2019-07-26T14:21:38	-56.6949	0.11118	2019-07-26_14.21.38_-56.6949_0.111180_435	PNG	5991.709	http://hs.pangaea.de/Images/Water/SCALE/2019-07-26_14.21.38_-56.6949_0.111180_435.png
2019-07-26T14:21:40	-56.6949	0.11118	2019-07-26_14.21.40_-56.6949_0.111180_043	PNG	5874.447	http://hs.pangaea.de/Images/Water/SCALE/2019-07-26_14.21.40_-56.6949_0.111180_043.png
2019-07-26T14:21:53	-56.6949	0.11118	2019-07-26_14.21.53_-56.6949_0.111180_200	PNG	5700.474	http://hs.pangaea.de/Images/Water/SCALE/2019-07-26_14.21.53_-56.6949_0.111180_200.png
2019-07-26T14:26:27	-56.7111	0.10475	2019-07-26_14.26.27_-56.7111_0.104750_130	PNG	7686.918	http://hs.pangaea.de/Images/Water/SCALE/2019-07-26_14.26.27_-56.7111_0.104750_130.png
2019-07-26T14:26:27	-56.7111	0.10475	2019-07-26_14.26.27_-56.7111_0.104750_401	PNG	6270.444	http://hs.pangaea.de/Images/Water/SCALE/2019-07-26_14.26.27_-56.7111_0.104750_401.png
2019-07-26T14:26:32	-56.7150	0.10318	2019-07-26_14.26.32_-56.7150_0.103180_216	PNG	6999.452	http://hs.pangaea.de/Images/Water/SCALE/2019-07-26_14.26.32_-56.7150_0.103180_216.png
2019-07-26T14:27:19	-56.7150	0.10318	2019-07-26_14.27.19_-56.7150_0.103180_091	PNG	5404.463	http://hs.pangaea.de/Images/Water/SCALE/2019-07-26_14.27.19_-56.7150_0.103180_091.png
2019-07-26T14:28:52	-56.7228	0.10013	2019-07-26_14.28.52_-56.7228_0.100130_483	PNG	8814.166	http://hs.pangaea.de/Images/Water/SCALE/2019-07-26_14.28.52_-56.7228_0.100130_483.png
2019-07-26T14:28:55	-56.7228	0.10013	2019-07-26_14.28.55_-56.7228_0.100130_079	PNG	8694.894	http://hs.pangaea.de/Images/Water/SCALE/2019-07-26_14.28.55_-56.7228_0.100130_079.png
2019-07-26T14:31:50	-56.7346	0.09540	2019-07-26_14.31.50_-56.7346_0.095400_132	PNG	6220.716	http://hs.pangaea.de/Images/Water/SCALE/2019-07-26_14.31.50_-56.7346_0.095400_132.png
2019-07-26T14:32:18	-56.7346	0.09540	2019-07-26_14.32.18_-56.7346_0.095400_376	PNG	5666.401	http://hs.pangaea.de/Images/Water/SCALE/2019-07-26_14.32.18_-56.7346_0.095400_376.png
2019-07-26T14:33:22	-56.7384	0.09312	2019-07-26_14.33.22_-56.7384_0.093120_073	PNG	6063.890	http://hs.pangaea.de/Images/Water/SCALE/2019-07-26_14.33.22_-56.7384_0.093120_073.png
2019-07-26T14:37:30	-56.7573	0.08423	2019-07-26_14.37.30_-56.7573_0.084230_069	PNG	5661.762	http://hs.pangaea.de/Images/Water/SCALE/2019-07-26_14.37.30_-56.7573_0.084230_069.png
2019-07-26T14:38:02	-56.7573	0.08423	2019-07-26_14.38.02_-56.7573_0.084230_435	PNG	5841.979	http://hs.pangaea.de/Images/Water/SCALE/2019-07-26_14.38.02_-56.7573_0.084230_435.png
2019-07-26T14:45:34	-56.7841	0.07303	2019-07-26_14.45.34_-56.7841_0.073030_290	PNG	5276.844	http://hs.pangaea.de/Images/Water/SCALE/2019-07-26_14.45.34_-56.7841_0.073030_290.png
2019-07-26T14:51:11	-56.8008	0.06817	2019-07-26_14.51.11_-56.8008_0.068170_275	PNG	5953.020	http://hs.pangaea.de/Images/Water/SCALE/2019-07-26_14.51.11_-56.8008_0.068170_275.png
2019-07-26T15:00:53	-56.8341	0.06060	2019-07-26_15.00.53_-56.8341_0.060600_073	PNG	4545.292	http://hs.pangaea.de/Images/Water/SCALE/2019-07-26_15.00.53_-56.8341_0.060600_073.png
2019-07-26T15:00:55	-56.8341	0.06060	2019-07-26_15.00.55_-56.8341_0.060600_427	PNG	4363.371	http://hs.pangaea.de/Images/Water/SCALE/2019-07-26_15.00.55_-56.8341_0.060600_427.png
2019-07-26T15:02:12	-56.8374	0.05983	2019-07-26_15.02.12_-56.8374_0.059830_128	PNG	5399.558	http://hs.pangaea.de/Images/Water/SCALE/2019-07-26_15.02.12_-56.8374_0.059830_128.png
2019-07-26T15:32:55	-56.9500	0.03752	2019-07-26_15.32.55_-56.9500_0.037520_486	PNG	6088.534	http://hs.pangaea.de/Images/Water/SCALE/2019-07-26_15.32.55_-56.9500_0.037520_486.png
2019-07-26T15:43:30	-56.9862	0.03152	2019-07-26_15.43.30_-56.9862_0.031520_312	PNG	5114.127	http://hs.pangaea.de/Images/Water/SCALE/2019-07-26_15.43.30_-56.9862_0.031520_312.png
2019-07-26T15:44:18	-56.9862	0.03152	2019-07-26_15.44.18_-56.9862_0.031520_176	PNG	4446.924	http://hs.pangaea.de/Images/Water/SCALE/2019-07-26_15.44.18_-56.9862_0.031520_176.png
2019-07-26T15:53:09	-56.9998	0.00780	2019-07-26_15.53.09_-56.9998_0.007800_479	PNG	5424.389	http://hs.pangaea.de/Images/Water/SCALE/2019-07-26_15.53.09_-56.9998_0.007800_479.png
2019-07-26T16:04:16	-57.0001	-0.00310	2019-07-26_16.04.16_-57.0001_-0.00310_243	PNG	5538.485	http://hs.pangaea.de/Images/Water/SCALE/2019-07-26_16.04.16_-57.0001_-0.00310_243.png
2019-07-26T16:04:24	-57.0001	-0.00310	2019-07-26_16.04.24_-57.0001_-0.00310_401	PNG	5742.940	http://hs.pangaea.de/Images/Water/SCALE/2019-07-26_16.04.24_-57.0001_-0.00310_401.png
2019-07-26T16:04:30	-57.0001	-0.00310	2019-07-26_16.04.30_-57.0001_-0.00310_071	PNG	6027.347	http://hs.pangaea.de/Images/Water/SCALE/2019-07-26_16.04.30_-57.0001_-0.00310_071.png
2019-07-26T16:15:34	-57.0001	-0.00310	2019-07-26_16.15.34_-57.0001_-0.00310_257	PNG	4811.062	http://hs.pangaea.de/Images/Water/SCALE/2019-07-26_16.15.34_-57.0001_-0.00310_257.png
2019-07-26T16:15:37	-57.0001	-0.00310	2019-07-26_16.15.37_-57.0001_-0.00310_211	PNG	5818.056	http://hs.pangaea.de/Images/Water/SCALE/2019-07-26_16.15.37_-57.0001_-0.00310_211.png
2019-07-26T16:15:54	-57.0001	-0.00310	2019-07-26_16.15.54_-57.0001_-0.00310_458	PNG	5671.542	http://hs.pangaea.de/Images/Water/SCALE/2019-07-26_16.15.54_-57.0001_-0.00310_458.png
2019-07-26T16:16:14	-57.0001	-0.00310	2019-07-26_16.16.14_-57.0001_-0.00310_201	PNG	4799.601	http://hs.pangaea.de/Images/Water/SCALE/2019-07-26_16.16.14_-57.0001_-0.00310_201.png
2019-07-26T16:16:21	-57.0001	-0.00310	2019-07-26_16.16.21_-57.0001_-0.00310_397	PNG	5340.942	http://hs.pangaea.de/Images/Water/SCALE/2019-07-26_16.16.21_-57.0001_-0.00310_397.png
2019-07-26T16:16:37	-57.0001	-0.00308	2019-07-26_16.16.37_-57.0001_-0.00308_253	PNG	5582.734	http://hs.pangaea.de/Images/Water/SCALE/2019-07-26_16.16.37_-57.0001_-0.00308_253.png
2019-07-26T16:16:41	-57.0001	-0.00308	2019-07-26_16.16.41_-57.0001_-0.00308_038	PNG	5475.723	http://hs.pangaea.de/Images/Water/SCALE/2019-07-26_16.16.41_-57.0001_-0.00308_038.png
2019-07-26T16:16:53	-57.0001	-0.00308	2019-07-26_16.16.53_-57.0001_-0.00308_350	PNG	5171.480	http://hs.pangaea.de/Images/Water/SCALE/2019-07-26_16.16.53_-57.0001_-0.00308_350.png
2019-07-26T16:17:02	-57.0001	-0.00308	2019-07-26_16.17.02_-57.0001_-0.00308_120	PNG	4596.077	http://hs.pangaea.de/Images/Water/SCALE/2019-07-26_16.17.02_-57.0001_-0.00308_120.png
2019-07-26T16:17:47	-57.0000	-0.00287	2019-07-26_16.17.47_-5700000_-0.00287_062	PNG	5219.485	http://hs.pangaea.de/Images/Water/SCALE/2019-07-26_16.17.47_-5700000_-0.00287_062.png
2019-07-26T16:17:51	-57.0000	-0.00287	2019-07-26_16.17.51_-5700000_-0.00287_092	PNG	5628.864	http://hs.pangaea.de/Images/Water/SCALE/2019-07-26_16.17.51_-5700000_-0.00287_092.png
2019-07-26T16:20:15	-56.9999	-0.00277	2019-07-26_16.20.15_-56.9999_-0.00277_120	PNG	5267.139	http://hs.pangaea.de/Images/Water/SCALE/2019-07-26_16.20.15_-56.9999_-0.00277_120.png
2019-07-26T17:41:33	-57.0000	0.00635	2019-07-26_17.41.33_-5700000_0.006350_025	PNG	4760.548	http://hs.pangaea.de/Images/Water/SCALE/2019-07-26_17.41.33_-5700000_0.006350_025.png
2019-07-27T00:54:53	-57.1008	-0.02452	2019-07-27_00.54.53_-57.1008_-0.02452_446	PNG	5784.083	http://hs.pangaea.de/Images/Water/SCALE/2019-07-27_00.54.53_-57.1008_-0.02452_446.png
2019-07-27T08:09:39	-57.8132	-0.00417	2019-07-27_08.09.39_-57.8132_-0.00417_452	PNG	4733.344	http://hs.pangaea.de/Images/Water/SCALE/2019-07-27_08.09.39_-57.8132_-0.00417_452.png
2019-07-27T08:17:31	-57.8364	-0.00387	2019-07-27_08.17.31_-57.8364_-0.00387_473	PNG	4672.011	http://hs.pangaea.de/Images/Water/SCALE/2019-07-27_08.17.31_-57.8364_-0.00387_473.png
2019-07-27T08:17:54	-57.8364	-0.00387	2019-07-27_08.17.54_-57.8364_-0.00387_246	PNG	5514.388	http://hs.pangaea.de/Images/Water/SCALE/2019-07-27_08.17.54_-57.8364_-0.00387_246.png
2019-07-27T08:19:57	-57.8426	-0.00388	2019-07-27_08.19.57_-57.8426_-0.00388_245	PNG	4565.495	http://hs.pangaea.de/Images/Water/SCALE/2019-07-27_08.19.57_-57.8426_-0.00388_245.png
2019-07-27T08:20:09	-57.8426	-0.00388	2019-07-27_08.20.09_-57.8426_-0.00388_169	PNG	4919.005	http://hs.pangaea.de/Images/Water/SCALE/2019-07-27_08.20.09_-57.8426_-0.00388_169.png
2019-07-27T08:20:12	-57.8426	-0.00388	2019-07-27_08.20.12_-57.8426_-0.00388_451	PNG	5054.114	http://hs.pangaea.de/Images/Water/SCALE/2019-07-27_08.20.12_-57.8426_-0.00388_451.png
2019-07-27T08:20:16	-57.8426	-0.00388	2019-07-27_08.20.16_-57.8426_-0.00388_185	PNG	4921.535	http://hs.pangaea.de/Images/Water/SCALE/2019-07-27_08.20.16_-57.8426_-0.00388_185.png
2019-07-27T08:20:26	-57.8426	-0.00388	2019-07-27_08.20.26_-57.8426_-0.00388_056	PNG	4947.474	http://hs.pangaea.de/Images/Water/SCALE/2019-07-27_08.20.26_-57.8426_-0.00388_056.png
2019-07-27T08:21:40	-57.8486	-0.00398	2019-07-27_08.21.40_-57.8486_-0.00398_480	PNG	4507.042	http://hs.pangaea.de/Images/Water/SCALE/2019-07-27_08.21.40_-57.8486_-0.00398_480.png
2019-07-27T08:21:48	-57.8486	-0.00398	2019-07-27_08.21.48_-57.8486_-0.00398_328	PNG	4185.451	http://hs.pangaea.de/Images/Water/SCALE/2019-07-27_08.21.48_-57.8486_-0.00398_328.png
2019-07-27T08:22:10	-57.8486	-0.00398	2019-07-27_08.22.10_-57.8486_-0.00398_018	PNG	4095.822	http://hs.pangaea.de/Images/Water/SCALE/2019-07-27_08.22.10_-57.8486_-0.00398_018.png
2019-07-27T08:31:59	-57.8804	-0.00482	2019-07-27_08.31.59_-57.8804_-0.00482_391	PNG	4283.789	http://hs.pangaea.de/Images/Water/SCALE/2019-07-27_08.31.59_-57.8804_-0.00482_391.png
2019-07-27T08:32:43	-57.8835	-0.00495	2019-07-27_08.32.43_-57.8835_-0.00495_195	PNG	4437.022	http://hs.pangaea.de/Images/Water/SCALE/2019-07-27_08.32.43_-57.8835_-0.00495_195.png
2019-07-27T08:33:07	-57.8835	-0.00495	2019-07-27_08.33.07_-57.8835_-0.00495_121	PNG	4310.935	http://hs.pangaea.de/Images/Water/SCALE/2019-07-27_08.33.07_-57.8835_-0.00495_121.png
2019-07-27T08:33:52	-57.8867	-0.00512	2019-07-27_08.33.52_-57.8867_-0.00512_202	PNG	4815.774	http://hs.pangaea.de/Images/Water/SCALE/2019-07-27_08.33.52_-57.8867_-0.00512_202.png
2019-07-27T08:50:24	-57.9363	-0.00715	2019-07-27_08.50.24_-57.9363_-0.00715_480	PNG	4631.797	http://hs.pangaea.de/Images/Water/SCALE/2019-07-27_08.50.24_-57.9363_-0.00715_480.png
2019-07-27T08:51:18	-57.9393	-0.00737	2019-07-27_08.51.18_-57.9393_-0.00737_274	PNG	5733.472	http://hs.pangaea.de/Images/Water/SCALE/2019-07-27_08.51.18_-57.9393_-0.00737_274.png
2019-07-27T08:52:03	-57.9423	-0.00740	2019-07-27_08.52.03_-57.9423_-0.00740_070	PNG	4827.951	http://hs.pangaea.de/Images/Water/SCALE/2019-07-27_08.52.03_-57.9423_-0.00740_070.png
2019-07-27T08:52:20	-57.9423	-0.00740	2019-07-27_08.52.20_-57.9423_-0.00740_049	PNG	4552.201	http://hs.pangaea.de/Images/Water/SCALE/2019-07-27_08.52.20_-57.9423_-0.00740_049.png
2019-07-27T08:52:20	-57.9423	-0.00740	2019-07-27_08.52.20_-57.9423_-0.00740_075	PNG	5410.892	http://hs.pangaea.de/Images/Water/SCALE/2019-07-27_08.52.20_-57.9423_-0.00740_075.png
2019-07-27T08:52:28	-57.9423	-0.00740	2019-07-27_08.52.28_-57.9423_-0.00740_066	PNG	5275.193	http://hs.pangaea.de/Images/Water/SCALE/2019-07-27_08.52.28_-57.9423_-0.00740_066.png
2019-07-27T08:56:42	-57.9560	-0.00805	2019-07-27_08.56.42_-57.9560_-0.00805_472	PNG	4963.359	http://hs.pangaea.de/Images/Water/SCALE/2019-07-27_08.56.42_-57.9560_-0.00805_472.png
2019-07-27T08:56:54	-57.9560	-0.00805	2019-07-27_08.56.54_-57.9560_-0.00805_479	PNG	4535.358	http://hs.pangaea.de/Images/Water/SCALE/2019-07-27_08.56.54_-57.9560_-0.00805_479.png
2019-07-27T09:03:29	-57.9718	-0.00905	2019-07-27_09.03.29_-57.9718_-0.00905_129	PNG	5466.574	http://hs.pangaea.de/Images/Water/SCALE/2019-07-27_09.03.29_-57.9718_-0.00905_129.png
2019-07-27T09:05:59	-57.9795	-0.00945	2019-07-27_09.05.59_-57.9795_-0.00945_288	PNG	5314.538	http://hs.pangaea.de/Images/Water/SCALE/2019-07-27_09.05.59_-57.9795_-0.00945_288.png
2019-07-27T09:06:17	-57.9795	-0.00945	2019-07-27_09.06.17_-57.9795_-0.00945_030	PNG	5660.442	http://hs.pangaea.de/Images/Water/SCALE/2019-07-27_09.06.17_-57.9795_-0.00945_030.png
2019-07-27T09:08:21	-57.9847	-0.01005	2019-07-27_09.08.21_-57.9847_-0.01005_421	PNG	5547.404	http://hs.pangaea.de/Images/Water/SCALE/2019-07-27_09.08.21_-57.9847_-0.01005_421.png
2019-07-27T09:14:40	-58.0026	-0.01145	2019-07-27_09.14.40_-58.0026_-0.01145_128	PNG	5469.638	http://hs.pangaea.de/Images/Water/SCALE/2019-07-27_09.14.40_-58.0026_-0.01145_128.png
2019-07-27T09:17:04	-58.0074	-0.01188	2019-07-27_09.17.04_-58.0074_-0.01188_118	PNG	5511.405	http://hs.pangaea.de/Images/Water/SCALE/2019-07-27_09.17.04_-58.0074_-0.01188_118.png
2019-07-27T09:29:32	-58.0409	-0.01080	2019-07-27_09.29.32_-58.0409_-0.01080_411	PNG	6423.904	http://hs.pangaea.de/Images/Water/SCALE/2019-07-27_09.29.32_-58.0409_-0.01080_411.png
2019-07-27T09:30:32	-58.0436	-0.01040	2019-07-27_09.30.32_-58.0436_-0.01040_008	PNG	4748.954	http://hs.pangaea.de/Images/Water/SCALE/2019-07-27_09.30.32_-58.0436_-0.01040_008.png
2019-07-27T09:34:32	-58.0541	-0.00910	2019-07-27_09.34.32_-58.0541_-0.00910_425	PNG	4543.529	http://hs.pangaea.de/Images/Water/SCALE/2019-07-27_09.34.32_-58.0541_-0.00910_425.png
2019-07-27T09:35:08	-58.0541	-0.00910	2019-07-27_09.35.08_-58.0541_-0.00910_085	PNG	3988.629	http://hs.pangaea.de/Images/Water/SCALE/2019-07-27_09.35.08_-58.0541_-0.00910_085.png
2019-07-27T09:35:37	-58.0566	-0.00885	2019-07-27_09.35.37_-58.0566_-0.00885_325	PNG	4599.240	http://hs.pangaea.de/Images/Water/SCALE/2019-07-27_09.35.37_-58.0566_-0.00885_325.png
2019-07-27T09:37:45	-58.0614	-0.00822	2019-07-27_09.37.45_-58.0614_-0.00822_467	PNG	5021.535	http://hs.pangaea.de/Images/Water/SCALE/2019-07-27_09.37.45_-58.0614_-0.00822_467.png
2019-07-27T09:41:19	-58.0684	-0.00745	2019-07-27_09.41.19_-58.0684_-0.00745_366	PNG	4340.221	http://hs.pangaea.de/Images/Water/SCALE/2019-07-27_09.41.19_-58.0684_-0.00745_366.png
2019-07-27T09:41:26	-58.0684	-0.00745	2019-07-27_09.41.26_-58.0684_-0.00745_324	PNG	4615.215	http://hs.pangaea.de/Images/Water/SCALE/2019-07-27_09.41.26_-58.0684_-0.00745_324.png
2019-07-27T09:57:02	-58.1099	-0.00387	2019-07-27_09.57.02_-58.1099_-0.00387_226	PNG	4235.447	http://hs.pangaea.de/Images/Water/SCALE/2019-07-27_09.57.02_-58.1099_-0.00387_226.png
2019-07-27T09:57:14	-58.1099	-0.00387	2019-07-27_09.57.14_-58.1099_-0.00387_340	PNG	4230.447	http://hs.pangaea.de/Images/Water/SCALE/2019-07-27_09.57.14_-58.1099_-0.00387_340.png
2019-07-27T10:00:18	-58.1190	-0.00363	2019-07-27_10.00.18_-58.1190_-0.00363_274	PNG	4561.615	http://hs.pangaea.de/Images/Water/SCALE/2019-07-27_10.00.18_-58.1190_-0.00363_274.png
2019-07-27T10:00:30	-58.1222	-0.00358	2019-07-27_10.00.30_-58.1222_-0.00358_149	PNG	4390.590	http://hs.pangaea.de/Images/Water/SCALE/2019-07-27_10.00.30_-58.1222_-0.00358_149.png
2019-07-27T10:02:29	-58.1251	-0.00360	2019-07-27_10.02.29_-58.1251_-0.00360_379	PNG	4520.185	http://hs.pangaea.de/Images/Water/SCALE/2019-07-27_10.02.29_-58.1251_-0.00360_379.png
2019-07-27T10:04:50	-58.1328	-0.00292	2019-07-27_10.04.50_-58.1328_-0.00292_373	PNG	6033.379	http://hs.pangaea.de/Images/Water/SCALE/2019-07-27_10.04.50_-58.1328_-0.00292_373.png
2019-07-27T10:04:59	-58.1328	-0.00292	2019-07-27_10.04.59_-58.1328_-0.00292_095	PNG	6094.244	http://hs.pangaea.de/Images/Water/SCALE/2019-07-27_10.04.59_-58.1328_-0.00292_095.png
2019-07-27T11:45:54	-58.1227	-0.01482	2019-07-27_11.45.54_-58.1227_-0.01482_408	PNG	7767.012	http://hs.pangaea.de/Images/Water/SCALE/2019-07-27_11.45.54_-58.1227_-0.01482_408.png
2019-07-27T11:58:30	-58.1202	-0.01713	2019-07-27_11.58.30_-58.1202_-0.01713_092	PNG	7787.514	http://hs.pangaea.de/Images/Water/SCALE/2019-07-27_11.58.30_-58.1202_-0.01713_092.png
2019-07-27T11:58:40	-58.1202	-0.01713	2019-07-27_11.58.40_-58.1202_-0.01713_313	PNG	7057.348	http://hs.pangaea.de/Images/Water/SCALE/2019-07-27_11.58.40_-58.1202_-0.01713_313.png
2019-07-27T11:58:46	-58.1202	-0.01713	2019-07-27_11.58.46_-58.1202_-0.01713_391	PNG	8618.899	http://hs.pangaea.de/Images/Water/SCALE/2019-07-27_11.58.46_-58.1202_-0.01713_391.png
2019-07-27T11:58:52	-58.1202	-0.01713	2019-07-27_11.58.52_-58.1202_-0.01713_041	PNG	9170.837	http://hs.pangaea.de/Images/Water/SCALE/2019-07-27_11.58.52_-58.1202_-0.01713_041.png
2019-07-27T12:44:01	-58.1129	-0.02420	2019-07-27_12.44.01_-58.1129_-0.02420_465	PNG	6452.011	http://hs.pangaea.de/Images/Water/SCALE/2019-07-27_12.44.01_-58.1129_-0.02420_465.png
2019-07-27T12:44:06	-58.1129	-0.02420	2019-07-27_12.44.06_-58.1129_-0.02420_388	PNG	6698.814	http://hs.pangaea.de/Images/Water/SCALE/2019-07-27_12.44.06_-58.1129_-0.02420_388.png
2019-07-27T12:47:06	-58.1125	-0.02463	2019-07-27_12.47.06_-58.1125_-0.02463_244	PNG	8164.581	http://hs.pangaea.de/Images/Water/SCALE/2019-07-27_12.47.06_-58.1125_-0.02463_244.png
2019-07-27T12:47:10	-58.1125	-0.02463	2019-07-27_12.47.10_-58.1125_-0.02463_218	PNG	6996.692	http://hs.pangaea.de/Images/Water/SCALE/2019-07-27_12.47.10_-58.1125_-0.02463_218.png
2019-07-27T12:47:21	-58.1125	-0.02463	2019-07-27_12.47.21_-58.1125_-0.02463_224	PNG	8004.920	http://hs.pangaea.de/Images/Water/SCALE/2019-07-27_12.47.21_-58.1125_-0.02463_224.png
2019-07-27T12:48:00	-58.1123	-0.02478	2019-07-27_12.48.00_-58.1123_-0.02478_154	PNG	8138.986	http://hs.pangaea.de/Images/Water/SCALE/2019-07-27_12.48.00_-58.1123_-0.02478_154.png
2019-07-27T12:48:05	-58.1123	-0.02478	2019-07-27_12.48.05_-58.1123_-0.02478_255	PNG	7426.867	http://hs.pangaea.de/Images/Water/SCALE/2019-07-27_12.48.05_-58.1123_-0.02478_255.png
2019-07-27T12:48:36	-58.1122	-0.02492	2019-07-27_12.48.36_-58.1122_-0.02492_256	PNG	7046.331	http://hs.pangaea.de/Images/Water/SCALE/2019-07-27_12.48.36_-58.1122_-0.02492_256.png
2019-07-27T13:06:09	-58.1099	-0.02723	2019-07-27_13.06.09_-58.1099_-0.02723_372	PNG	7575.290	http://hs.pangaea.de/Images/Water/SCALE/2019-07-27_13.06.09_-58.1099_-0.02723_372.png
2019-07-27T13:51:24	-58.1043	-0.03155	2019-07-27_13.51.24_-58.1043_-0.03155_409	PNG	7347.951	http://hs.pangaea.de/Images/Water/SCALE/2019-07-27_13.51.24_-58.1043_-0.03155_409.png
2019-07-27T13:51:37	-58.1042	-0.03162	2019-07-27_13.51.37_-58.1042_-0.03162_398	PNG	6551.489	http://hs.pangaea.de/Images/Water/SCALE/2019-07-27_13.51.37_-58.1042_-0.03162_398.png
2019-07-27T13:51:40	-58.1042	-0.03162	2019-07-27_13.51.40_-58.1042_-0.03162_323	PNG	6446.142	http://hs.pangaea.de/Images/Water/SCALE/2019-07-27_13.51.40_-58.1042_-0.03162_323.png
2019-07-27T14:54:36	-58.0969	-0.03430	2019-07-27_14.54.36_-58.0969_-0.03430_190	PNG	6524.035	http://hs.pangaea.de/Images/Water/SCALE/2019-07-27_14.54.36_-58.0969_-0.03430_190.png
2019-07-27T14:54:40	-58.0969	-0.03430	2019-07-27_14.54.40_-58.0969_-0.03430_406	PNG	6332.474	http://hs.pangaea.de/Images/Water/SCALE/2019-07-27_14.54.40_-58.0969_-0.03430_406.png
2019-07-27T14:54:46	-58.0969	-0.03430	2019-07-27_14.54.46_-58.0969_-0.03430_267	PNG	8612.155	http://hs.pangaea.de/Images/Water/SCALE/2019-07-27_14.54.46_-58.0969_-0.03430_267.png
2019-07-27T14:57:05	-58.0967	-0.03428	2019-07-27_14.57.05_-58.0967_-0.03428_465	PNG	6815.845	http://hs.pangaea.de/Images/Water/SCALE/2019-07-27_14.57.05_-58.0967_-0.03428_465.png
2019-07-27T15:51:03	-58.0911	-0.03193	2019-07-27_15.51.03_-58.0911_-0.03193_470	PNG	4647.562	http://hs.pangaea.de/Images/Water/SCALE/2019-07-27_15.51.03_-58.0911_-0.03193_470.png
2019-07-27T15:58:41	-58.0901	-0.03097	2019-07-27_15.58.41_-58.0901_-0.03097_438	PNG	4419.096	http://hs.pangaea.de/Images/Water/SCALE/2019-07-27_15.58.41_-58.0901_-0.03097_438.png
2019-07-27T16:00:15	-58.0900	-0.03077	2019-07-27_16.00.15_-58.0900_-0.03077_276	PNG	5058.686	http://hs.pangaea.de/Images/Water/SCALE/2019-07-27_16.00.15_-58.0900_-0.03077_276.png
2019-07-27T16:07:10	-58.0853	-0.01657	2019-07-27_16.07.10_-58.0853_-0.01657_312	PNG	4448.971	http://hs.pangaea.de/Images/Water/SCALE/2019-07-27_16.07.10_-58.0853_-0.01657_312.png
2019-07-27T16:07:21	-58.0853	-0.01657	2019-07-27_16.07.21_-58.0853_-0.01657_294	PNG	4389.782	http://hs.pangaea.de/Images/Water/SCALE/2019-07-27_16.07.21_-58.0853_-0.01657_294.png
2019-07-27T16:12:31	-58.0682	-0.01190	2019-07-27_16.12.31_-58.0682_-0.01190_104	PNG	5081.944	http://hs.pangaea.de/Images/Water/SCALE/2019-07-27_16.12.31_-58.0682_-0.01190_104.png
2019-07-27T16:12:34	-58.0682	-0.01190	2019-07-27_16.12.34_-58.0682_-0.01190_151	PNG	4534.979	http://hs.pangaea.de/Images/Water/SCALE/2019-07-27_16.12.34_-58.0682_-0.01190_151.png
2019-07-27T16:13:00	-58.0682	-0.01190	2019-07-27_16.13.00_-58.0682_-0.01190_236	PNG	4990.334	http://hs.pangaea.de/Images/Water/SCALE/2019-07-27_16.13.00_-58.0682_-0.01190_236.png
2019-07-27T16:15:21	-58.0623	-0.01190	2019-07-27_16.15.21_-58.0623_-0.01190_116	PNG	4704.227	http://hs.pangaea.de/Images/Water/SCALE/2019-07-27_16.15.21_-58.0623_-0.01190_116.png
2019-07-27T16:15:46	-58.0592	-0.01182	2019-07-27_16.15.46_-58.0592_-0.01182_099	PNG	3414.314	http://hs.pangaea.de/Images/Water/SCALE/2019-07-27_16.15.46_-58.0592_-0.01182_099.png
2019-07-27T16:16:15	-58.0592	-0.01182	2019-07-27_16.16.15_-58.0592_-0.01182_423	PNG	4424.038	http://hs.pangaea.de/Images/Water/SCALE/2019-07-27_16.16.15_-58.0592_-0.01182_423.png
2019-07-27T16:19:04	-58.0506	-0.01165	2019-07-27_16.19.04_-58.0506_-0.01165_098	PNG	4634.648	http://hs.pangaea.de/Images/Water/SCALE/2019-07-27_16.19.04_-58.0506_-0.01165_098.png
2019-07-27T16:19:12	-58.0506	-0.01165	2019-07-27_16.19.12_-58.0506_-0.01165_113	PNG	4821.808	http://hs.pangaea.de/Images/Water/SCALE/2019-07-27_16.19.12_-58.0506_-0.01165_113.png
2019-07-27T16:22:20	-58.0420	-0.01153	2019-07-27_16.22.20_-58.0420_-0.01153_086	PNG	4475.063	http://hs.pangaea.de/Images/Water/SCALE/2019-07-27_16.22.20_-58.0420_-0.01153_086.png
2019-07-27T16:22:29	-58.0420	-0.01153	2019-07-27_16.22.29_-58.0420_-0.01153_114	PNG	3947.739	http://hs.pangaea.de/Images/Water/SCALE/2019-07-27_16.22.29_-58.0420_-0.01153_114.png
2019-07-27T16:23:00	-58.0389	-0.01152	2019-07-27_16.23.00_-58.0389_-0.01152_218	PNG	3156.944	http://hs.pangaea.de/Images/Water/SCALE/2019-07-27_16.23.00_-58.0389_-0.01152_218.png
2019-07-28T03:44:36	-57.2863	0.02193	2019-07-28_03.44.36_-57.2863_0.021930_156	PNG	4436.383	http://hs.pangaea.de/Images/Water/SCALE/2019-07-28_03.44.36_-57.2863_0.021930_156.png
2019-07-28T03:44:42	-57.2863	0.02193	2019-07-28_03.44.42_-57.2863_0.021930_462	PNG	4974.200	http://hs.pangaea.de/Images/Water/SCALE/2019-07-28_03.44.42_-57.2863_0.021930_462.png
2019-07-28T03:44:56	-57.2863	0.02193	2019-07-28_03.44.56_-57.2863_0.021930_126	PNG	5725.304	http://hs.pangaea.de/Images/Water/SCALE/2019-07-28_03.44.56_-57.2863_0.021930_126.png
2019-07-28T03:45:30	-57.2861	0.02212	2019-07-28_03.45.30_-57.2861_0.022120_216	PNG	5944.449	http://hs.pangaea.de/Images/Water/SCALE/2019-07-28_03.45.30_-57.2861_0.022120_216.png
2019-07-28T03:46:01	-57.2861	0.02212	2019-07-28_03.46.01_-57.2861_0.022120_093	PNG	4294.554	http://hs.pangaea.de/Images/Water/SCALE/2019-07-28_03.46.01_-57.2861_0.022120_093.png
2019-07-28T08:25:25	-56.8807	0.17245	2019-07-28_08.25.25_-56.8807_0.172450_197	PNG	5470.015	http://hs.pangaea.de/Images/Water/SCALE/2019-07-28_08.25.25_-56.8807_0.172450_197.png
2019-07-28T08:26:16	-56.8798	0.17317	2019-07-28_08.26.16_-56.8798_0.173170_328	PNG	5065.393	http://hs.pangaea.de/Images/Water/SCALE/2019-07-28_08.26.16_-56.8798_0.173170_328.png
2019-07-28T08:31:43	-56.8659	0.18495	2019-07-28_08.31.43_-56.8659_0.184950_086	PNG	4917.003	http://hs.pangaea.de/Images/Water/SCALE/2019-07-28_08.31.43_-56.8659_0.184950_086.png
2019-07-28T08:31:51	-56.8659	0.18495	2019-07-28_08.31.51_-56.8659_0.184950_354	PNG	4849.095	http://hs.pangaea.de/Images/Water/SCALE/2019-07-28_08.31.51_-56.8659_0.184950_354.png
2019-07-28T08:32:00	-56.8659	0.18495	2019-07-28_08.32.00_-56.8659_0.184950_016	PNG	5133.598	http://hs.pangaea.de/Images/Water/SCALE/2019-07-28_08.32.00_-56.8659_0.184950_016.png
2019-07-28T08:45:05	-56.8321	0.21788	2019-07-28_08.45.05_-56.8321_0.217880_139	PNG	5145.223	http://hs.pangaea.de/Images/Water/SCALE/2019-07-28_08.45.05_-56.8321_0.217880_139.png
2019-07-28T08:45:10	-56.8321	0.21788	2019-07-28_08.45.10_-56.8321_0.217880_024	PNG	5822.225	http://hs.pangaea.de/Images/Water/SCALE/2019-07-28_08.45.10_-56.8321_0.217880_024.png
2019-07-28T08:53:24	-56.8142	0.24270	2019-07-28_08.53.24_-56.8142_0.242700_049	PNG	4943.618	http://hs.pangaea.de/Images/Water/SCALE/2019-07-28_08.53.24_-56.8142_0.242700_049.png
2019-07-28T08:57:34	-56.8079	0.25452	2019-07-28_08.57.34_-56.8079_0.254520_453	PNG	5159.380	http://hs.pangaea.de/Images/Water/SCALE/2019-07-28_08.57.34_-56.8079_0.254520_453.png
2019-07-28T08:59:24	-56.8068	0.25658	2019-07-28_08.59.24_-56.8068_0.256580_412	PNG	5593.043	http://hs.pangaea.de/Images/Water/SCALE/2019-07-28_08.59.24_-56.8068_0.256580_412.png
2019-07-28T08:59:29	-56.8068	0.25658	2019-07-28_08.59.29_-56.8068_0.256580_348	PNG	5082.902	http://hs.pangaea.de/Images/Water/SCALE/2019-07-28_08.59.29_-56.8068_0.256580_348.png
2019-07-28T12:27:56	-56.8018	0.30262	2019-07-28_12.27.56_-56.8018_0.302620_490	PNG	5013.512	http://hs.pangaea.de/Images/Water/SCALE/2019-07-28_12.27.56_-56.8018_0.302620_490.png
2019-07-28T12:28:03	-56.8018	0.30262	2019-07-28_12.28.03_-56.8018_0.302620_220	PNG	5706.863	http://hs.pangaea.de/Images/Water/SCALE/2019-07-28_12.28.03_-56.8018_0.302620_220.png
2019-07-28T12:28:08	-56.8018	0.30262	2019-07-28_12.28.08_-56.8018_0.302620_056	PNG	4889.075	http://hs.pangaea.de/Images/Water/SCALE/2019-07-28_12.28.08_-56.8018_0.302620_056.png
2019-07-28T12:28:10	-56.8018	0.30262	2019-07-28_12.28.10_-56.8018_0.302620_130	PNG	4823.679	http://hs.pangaea.de/Images/Water/SCALE/2019-07-28_12.28.10_-56.8018_0.302620_130.png
2019-07-28T12:28:24	-56.8018	0.30262	2019-07-28_12.28.24_-56.8018_0.302620_205	PNG	5289.232	http://hs.pangaea.de/Images/Water/SCALE/2019-07-28_12.28.24_-56.8018_0.302620_205.png
2019-07-28T13:04:39	-56.7940	0.30142	2019-07-28_13.04.39_-56.7940_0.301420_298	PNG	5021.528	http://hs.pangaea.de/Images/Water/SCALE/2019-07-28_13.04.39_-56.7940_0.301420_298.png
2019-07-28T13:04:41	-56.7940	0.30142	2019-07-28_13.04.41_-56.7940_0.301420_132	PNG	5049.901	http://hs.pangaea.de/Images/Water/SCALE/2019-07-28_13.04.41_-56.7940_0.301420_132.png
2019-07-28T13:04:50	-56.7940	0.30142	2019-07-28_13.04.50_-56.7940_0.301420_302	PNG	5542.633	http://hs.pangaea.de/Images/Water/SCALE/2019-07-28_13.04.50_-56.7940_0.301420_302.png
2019-07-28T13:05:08	-56.7940	0.30142	2019-07-28_13.05.08_-56.7940_0.301420_356	PNG	4572.202	http://hs.pangaea.de/Images/Water/SCALE/2019-07-28_13.05.08_-56.7940_0.301420_356.png
2019-07-28T13:49:56	-56.6814	0.42002	2019-07-28_13.49.56_-56.6814_0.420020_111	PNG	5146.556	http://hs.pangaea.de/Images/Water/SCALE/2019-07-28_13.49.56_-56.6814_0.420020_111.png
2019-07-28T13:49:59	-56.6814	0.42002	2019-07-28_13.49.59_-56.6814_0.420020_059	PNG	4971.831	http://hs.pangaea.de/Images/Water/SCALE/2019-07-28_13.49.59_-56.6814_0.420020_059.png
2019-07-28T13:50:11	-56.6814	0.42002	2019-07-28_13.50.11_-56.6814_0.420020_149	PNG	4467.897	http://hs.pangaea.de/Images/Water/SCALE/2019-07-28_13.50.11_-56.6814_0.420020_149.png
2019-07-28T13:53:01	-56.6754	0.42505	2019-07-28_13.53.01_-56.6754_0.425050_160	PNG	4400.503	http://hs.pangaea.de/Images/Water/SCALE/2019-07-28_13.53.01_-56.6754_0.425050_160.png
2019-07-28T13:53:04	-56.6754	0.42505	2019-07-28_13.53.04_-56.6754_0.425050_213	PNG	4251.806	http://hs.pangaea.de/Images/Water/SCALE/2019-07-28_13.53.04_-56.6754_0.425050_213.png
2019-07-28T13:57:05	-56.6708	0.42402	2019-07-28_13.57.05_-56.6708_0.424020_237	PNG	5593.545	http://hs.pangaea.de/Images/Water/SCALE/2019-07-28_13.57.05_-56.6708_0.424020_237.png
2019-07-28T14:01:52	-56.6711	0.41562	2019-07-28_14.01.52_-56.6711_0.415620_254	PNG	5050.486	http://hs.pangaea.de/Images/Water/SCALE/2019-07-28_14.01.52_-56.6711_0.415620_254.png
2019-07-28T14:01:58	-56.6711	0.41562	2019-07-28_14.01.58_-56.6711_0.415620_043	PNG	4941.382	http://hs.pangaea.de/Images/Water/SCALE/2019-07-28_14.01.58_-56.6711_0.415620_043.png
2019-07-28T14:02:03	-56.6711	0.41562	2019-07-28_14.02.03_-56.6711_0.415620_132	PNG	5467.595	http://hs.pangaea.de/Images/Water/SCALE/2019-07-28_14.02.03_-56.6711_0.415620_132.png
2019-07-28T14:02:34	-56.6712	0.41542	2019-07-28_14.02.34_-56.6712_0.415420_401	PNG	5080.013	http://hs.pangaea.de/Images/Water/SCALE/2019-07-28_14.02.34_-56.6712_0.415420_401.png
2019-07-28T14:04:53	-56.6716	0.41688	2019-07-28_14.04.53_-56.6716_0.416880_015	PNG	4811.538	http://hs.pangaea.de/Images/Water/SCALE/2019-07-28_14.04.53_-56.6716_0.416880_015.png
2019-07-28T14:43:29	-56.6752	0.43762	2019-07-28_14.43.29_-56.6752_0.437620_176	PNG	5596.901	http://hs.pangaea.de/Images/Water/SCALE/2019-07-28_14.43.29_-56.6752_0.437620_176.png
2019-07-28T18:12:33	-56.5959	0.45215	2019-07-28_18.12.33_-56.5959_0.452150_416	PNG	5335.281	http://hs.pangaea.de/Images/Water/SCALE/2019-07-28_18.12.33_-56.5959_0.452150_416.png
